{
        "Bootstrap v4 Starter Template": {
                "prefix": "bs",
                "body": [
                        "<!doctype html>",
                        "<html lang=\"en\">",
                        "  <head>",
                        "    <!-- Required meta tags -->",
                        "    <meta charset=\"utf-8\">",
                        "    <meta name=\"viewport\" content=\"width=device-width, initial-scale=1, shrink-to-fit=no\">",
                        "",
                        "    <!-- Bootstrap CSS -->",
                        "    <link rel=\"stylesheet\" href=\"https://stackpath.bootstrapcdn.com/bootstrap/4.4.1/css/bootstrap.min.css\" integrity=\"sha384-Vkoo8x4CGsO3+Hhxv8T/Q5PaXtkKtu6ug5TOeNV6gBiFeWPGFN9MuhOf23Q9Ifjh\" crossorigin=\"anonymous\">",
                        "",
                        "    <title>Hello, world!</title>",
                        "  </head>",
                        "  <body>",
                        "    <h1>Hello, world!</h1>",
                        "",
                        "    <!-- Optional JavaScript -->",
                        "    <!-- jQuery first, then Popper.js, then Bootstrap JS -->",
                        "    <script src=\"https://code.jquery.com/jquery-3.4.1.slim.min.js\" integrity=\"sha384-J6qa4849blE2+poT4WnyKhv5vZF5SrPo0iEjwBvKU7imGFAV0wwj1yYfoRSJoZ+n\" crossorigin=\"anonymous\"></script>",
                        "    <script src=\"https://cdn.jsdelivr.net/npm/popper.js@1.16.0/dist/umd/popper.min.js\" integrity=\"sha384-Q6E9RHvbIyZFJoft+2mJbHaEWldlvI9IOYy5n3zV9zzTtmI3UksdQRVvoxMfooAo\" crossorigin=\"anonymous\"></script>",
                        "    <script src=\"https://stackpath.bootstrapcdn.com/bootstrap/4.4.1/js/bootstrap.min.js\" integrity=\"sha384-wfSDF2E50Y2D1uUdj0O3uMBJnjuUD4Ih7YwaYd1iqfktj0Uod8GCExl3Og8ifwB6\" crossorigin=\"anonymous\"></script>",
                        "  </body>",
                        "</html>"
                ],
                "description": "Creates Bootstrap 4 Starter Template"
        },
        "Bootstrap v4 Alert primary": {
                "prefix": "b4-alert-primary",
                "body": [
                        "<div class=\"alert alert-primary\" role=\"alert\">",
                        "",
                        "</div>"
                ],
                "description": "Bootstrap 4 alert-primary"
        },
        "Bootstrap v4 Alert secondary": {
                "prefix": "b4-alert-secondary",
                "body": [
                        "<div class=\"alert alert-secondary\" role=\"alert\">",
                        "",
                        "</div>"
                ],
                "description": "Bootstrap 4 alert-secondary"
        },
        "Bootstrap v4 Alert success": {
                "prefix": "b4-alert-success",
                "body": [
                        "<div class=\"alert alert-success\" role=\"alert\">",
                        "",
                        "</div>"
                ],
                "description": "Bootstrap 4 alert-success"
        },
        "Bootstrap v4 Alert danger": {
                "prefix": "b4-alert-danger",
                "body": [
                        "<div class=\"alert alert-danger\" role=\"alert\">",
                        "",
                        "</div>"
                ],
                "description": "Bootstrap 4 alert-danger"
        },
        "Bootstrap v4 Alert warning": {
                "prefix": "b4-alert-warning",
                "body": [
                        "<div class=\"alert alert-warning\" role=\"alert\">",
                        "",
                        "</div>"
                ],
                "description": "Bootstrap 4 alert-warning"
        },
        "Bootstrap v4 Alert info": {
                "prefix": "b4-alert-info",
                "body": [
                        "<div class=\"alert alert-info\" role=\"alert\">",
                        "",
                        "</div>"
                ],
                "description": "Bootstrap 4 alert-info"
        },
        "Bootstrap v4 Alert light": {
                "prefix": "b4-alert-light",
                "body": [
                        "<div class=\"alert alert-light\" role=\"alert\">",
                        "",
                        "</div>"
                ],
                "description": "Bootstrap 4 alert-light"
        },
        "Bootstrap v4 Alert dark": {
                "prefix": "b4-alert-dark",
                "body": [
                        "<div class=\"alert alert-dark\" role=\"alert\">",
                        "",
                        "</div>"
                ],
                "description": "Bootstrap 4 alert-dark"
        },
        "Bootstrap v4 Badges primary": {
                "prefix": "b4-badge-primary",
                "body": [
                        "<span class=\"badge badge-primary\">primary</span>"
                ],
                "description": "Bootstrap v4 Badges primary"
        },
        "Bootstrap v4 Badges secondary": {
                "prefix": "b4-badge-secondary",
                "body": [
                        "<span class=\"badge badge-secondary\">secondary</span>"
                ],
                "description": "Bootstrap v4 Badges secondary"
        },
        "Bootstrap v4 Badges success": {
                "prefix": "b4-badge-success",
                "body": [
                        "<span class=\"badge badge-success\">success</span>"
                ],
                "description": "Bootstrap v4 Badges success"
        },
        "Bootstrap v4 Badges danger": {
                "prefix": "b4-badge-danger",
                "body": [
                        "<span class=\"badge badge-danger\">danger</span>"
                ],
                "description": "Bootstrap v4 Badges danger"
        },
        "Bootstrap v4 Badges warning": {
                "prefix": "b4-badge-warning",
                "body": [
                        "<span class=\"badge badge-warning\">warning</span>"
                ],
                "description": "Bootstrap v4 Badges warning"
        },
        "Bootstrap v4 Badges info": {
                "prefix": "b4-badge-info",
                "body": [
                        "<span class=\"badge badge-info\">info</span>"
                ],
                "description": "Bootstrap v4 Badges info"
        },
        "Bootstrap v4 Badges light": {
                "prefix": "b4-badge-light",
                "body": [
                        "<span class=\"badge badge-light\">light</span>"
                ],
                "description": "Bootstrap v4 Badges light"
        },
        "Bootstrap v4 Badges dark": {
                "prefix": "b4-badge-dark",
                "body": [
                        "<span class=\"badge badge-dark\">dark</span>"
                ],
                "description": "Bootstrap v4 Badges dark"
        },
        "Bootstrap v4 Breadcrumb All in One": {
                "prefix": "b4-breadcrumb-all-in-one",
                "body": [
                        "<nav aria-label=\"breadcrumb\">",
                        "  <ol class=\"breadcrumb\">",
                        "    <li class=\"breadcrumb-item active\" aria-current=\"page\">Home</li>",
                        "  </ol>",
                        "</nav>",
                        "",
                        "<nav aria-label=\"breadcrumb\">",
                        "  <ol class=\"breadcrumb\">",
                        "    <li class=\"breadcrumb-item\"><a href=\"#\">Home</a></li>",
                        "    <li class=\"breadcrumb-item active\" aria-current=\"page\">Library</li>",
                        "  </ol>",
                        "</nav>",
                        "",
                        "<nav aria-label=\"breadcrumb\">",
                        "  <ol class=\"breadcrumb\">",
                        "    <li class=\"breadcrumb-item\"><a href=\"#\">Home</a></li>",
                        "    <li class=\"breadcrumb-item\"><a href=\"#\">Library</a></li>",
                        "    <li class=\"breadcrumb-item active\" aria-current=\"page\">Data</li>",
                        "  </ol>",
                        "</nav>"
                ],
                "description": "Bootstrap v4 Breadcrumb All in One"
        },
        "Bootstrap v4 btn-primary": {
                "prefix": "b4-btn-primary",
                "body": [
                        "<button type=\"button\" class=\"btn btn-primary\">Primary</button>"
                ],
                "description": "Bootstrap v4 btn-primary"
        },
        "Bootstrap v4 btn-secondary": {
                "prefix": "b4-btn-secondary",
                "body": [
                        "<button type=\"button\" class=\"btn btn-secondary\">secondary</button>"
                ],
                "description": "Bootstrap v4 btn-secondary"
        },
        "Bootstrap v4 btn-success": {
                "prefix": "b4-btn-success",
                "body": [
                        "<button type=\"button\" class=\"btn btn-success\">success</button>"
                ],
                "description": "Bootstrap v4 btn-success"
        },
        "Bootstrap v4 btn-danger": {
                "prefix": "b4-btn-danger",
                "body": [
                        "<button type=\"button\" class=\"btn btn-danger\">danger</button>"
                ],
                "description": "Bootstrap v4 btn-danger"
        },
        "Bootstrap v4 btn-warning": {
                "prefix": "b4-btn-warning",
                "body": [
                        "<button type=\"button\" class=\"btn btn-warning\">warning</button>"
                ],
                "description": "Bootstrap v4 btn-warning"
        },
        "Bootstrap v4 btn-info": {
                "prefix": "b4-btn-info",
                "body": [
                        "<button type=\"button\" class=\"btn btn-info\">info</button>"
                ],
                "description": "Bootstrap v4 btn-info"
        },
        "Bootstrap v4 btn-light": {
                "prefix": "b4-btn-light",
                "body": [
                        "<button type=\"button\" class=\"btn btn-light\">light</button>"
                ],
                "description": "Bootstrap v4 btn-light"
        },
        "Bootstrap v4 btn-dark": {
                "prefix": "b4-btn-dark",
                "body": [
                        "<button type=\"button\" class=\"btn btn-dark\">dark</button>"
                ],
                "description": "Bootstrap v4 btn-dark"
        },
        "Bootstrap v4 btn-link": {
                "prefix": "b4-btn-link",
                "body": [
                        "<button type=\"button\" class=\"btn btn-link\">link</button>"
                ],
                "description": "Bootstrap v4 btn-link"
        },
        "Bootstrap v4 btn-outline-primary": {
                "prefix": "b4-btn-outline-primary",
                "body": [
                        "<button type=\"button\" class=\"btn btn-outline-primary\">Primary</button>"
                ],
                "description": "Bootstrap v4 btn-outline-primary"
        },
        "Bootstrap v4 btn-outline-secondary": {
                "prefix": "b4-btn-outline-secondary",
                "body": [
                        "<button type=\"button\" class=\"btn btn-outline-secondary\">secondary</button>"
                ],
                "description": "Bootstrap v4 btn-outline-secondary"
        },
        "Bootstrap v4 btn-outline-success": {
                "prefix": "b4-btn-outline-success",
                "body": [
                        "<button type=\"button\" class=\"btn btn-outline-success\">success</button>"
                ],
                "description": "Bootstrap v4 btn-outline-success"
        },
        "Bootstrap v4 btn-outline-danger": {
                "prefix": "b4-btn-outline-danger",
                "body": [
                        "<button type=\"button\" class=\"btn btn-outline-danger\">danger</button>"
                ],
                "description": "Bootstrap v4 btn-outline-danger"
        },
        "Bootstrap v4 btn-outline-warning": {
                "prefix": "b4-btn-outline-warning",
                "body": [
                        "<button type=\"button\" class=\"btn btn-outline-warning\">warning</button>"
                ],
                "description": "Bootstrap v4 btn-outline-warning"
        },
        "Bootstrap v4 btn-outline-info": {
                "prefix": "b4-btn-outline-info",
                "body": [
                        "<button type=\"button\" class=\"btn btn-outline-info\">info</button>"
                ],
                "description": "Bootstrap v4 btn-outline-info"
        },
        "Bootstrap v4 btn-outline-light": {
                "prefix": "b4-btn-outline-light",
                "body": [
                        "<button type=\"button\" class=\"btn btn-outline-light\">light</button>"
                ],
                "description": "Bootstrap v4 btn-outline-light"
        },
        "Bootstrap v4 btn-outline-dark": {
                "prefix": "b4-btn-outline-dark",
                "body": [
                        "<button type=\"button\" class=\"btn btn-outline-dark\">dark</button>"
                ],
                "description": "Bootstrap v4 btn-outline-dark"
        },
        "Bootstrap v4 btn-group": {
                "prefix": "b4-btn-group",
                "body": [
                        "<div class=\"btn-group\" role=\"group\" aria-label=\"Basic example\">",
                        "  <button type=\"button\" class=\"btn btn-secondary\">Left</button>",
                        "  <button type=\"button\" class=\"btn btn-secondary\">Middle</button>",
                        "  <button type=\"button\" class=\"btn btn-secondary\">Right</button>",
                        "</div>"
                ],
                "description": "Bootstrap v4 btn-group"
        },
        "Bootstrap v4 Card with Image": {
                "prefix": "b4-card-image",
                "body": [
                        "<div class=\"card\" style=\"width: 18rem;\">",
                        "  <img src=\"...\" class=\"card-img-top\" alt=\"...\">",
                        "  <div class=\"card-body\">",
                        "    <h5 class=\"card-title\">Card title</h5>",
                        "    <p class=\"card-text\">Some quick example text to build on the card title and make up the bulk of the card's content.</p>",
                        "    <a href=\"#\" class=\"btn btn-primary\">Go somewhere</a>",
                        "  </div>",
                        "</div>"
                ],
                "description": "Bootstrap v4 Card with Image"
        },
        "Bootstrap v4 Card with Header & footer": {
                "prefix": "b4-card-header and footer",
                "body": [
                        "<div class=\"card\">",
                        "  <div class=\"card-header\">",
                        "    Featured",
                        "  </div>",
                        "  <div class=\"card-body\">",
                        "    <h5 class=\"card-title\">Special title treatment</h5>",
                        "    <p class=\"card-text\">With supporting text below as a natural lead-in to additional content.</p>",
                        "    <a href=\"#\" class=\"btn btn-primary\">Go somewhere</a>",
                        "  </div>",
                        "</div>"
                ],
                "description": "Bootstrap v4 Card with Header & footer"
        },
        "Bootstrap v4 Carousel": {
                "prefix": "b4-Carousel",
                "body": [
                        "<div id=\"carouselExampleControls\" class=\"carousel slide\" data-ride=\"carousel\">",
                        "  <div class=\"carousel-inner\">",
                        "    <div class=\"carousel-item active\">",
                        "      <img src=\"...\" class=\"d-block w-100\" alt=\"...\">",
                        "    </div>",
                        "    <div class=\"carousel-item\">",
                        "      <img src=\"...\" class=\"d-block w-100\" alt=\"...\">",
                        "    </div>",
                        "    <div class=\"carousel-item\">",
                        "      <img src=\"...\" class=\"d-block w-100\" alt=\"...\">",
                        "    </div>",
                        "  </div>",
                        "  <a class=\"carousel-control-prev\" href=\"#carouselExampleControls\" role=\"button\" data-slide=\"prev\">",
                        "    <span class=\"carousel-control-prev-icon\" aria-hidden=\"true\"></span>",
                        "    <span class=\"sr-only\">Previous</span>",
                        "  </a>",
                        "  <a class=\"carousel-control-next\" href=\"#carouselExampleControls\" role=\"button\" data-slide=\"next\">",
                        "    <span class=\"carousel-control-next-icon\" aria-hidden=\"true\"></span>",
                        "    <span class=\"sr-only\">Next</span>",
                        "  </a>",
                        "</div>"
                ],
                "description": "Bootstrap v4 slider/Carousel"
        },
        "Bootstrap v4 Collapse": {
                "prefix": "b4-collapse",
                "body": [
                        "<p>",
                        "  <a class=\"btn btn-primary\" data-toggle=\"collapse\" href=\"#multiCollapseExample1\" role=\"button\" aria-expanded=\"false\" aria-controls=\"multiCollapseExample1\">Toggle first element</a>",
                        "  <button class=\"btn btn-primary\" type=\"button\" data-toggle=\"collapse\" data-target=\"#multiCollapseExample2\" aria-expanded=\"false\" aria-controls=\"multiCollapseExample2\">Toggle second element</button>",
                        "  <button class=\"btn btn-primary\" type=\"button\" data-toggle=\"collapse\" data-target=\".multi-collapse\" aria-expanded=\"false\" aria-controls=\"multiCollapseExample1 multiCollapseExample2\">Toggle both elements</button>",
                        "</p>",
                        "<div class=\"row\">",
                        "  <div class=\"col\">",
                        "    <div class=\"collapse multi-collapse\" id=\"multiCollapseExample1\">",
                        "      <div class=\"card card-body\">",
                        "        Anim pariatur cliche reprehenderit, enim eiusmod high life accusamus terry richardson ad squid. Nihil anim keffiyeh helvetica, craft beer labore wes anderson cred nesciunt sapiente ea proident.",
                        "      </div>",
                        "    </div>",
                        "  </div>",
                        "  <div class=\"col\">",
                        "    <div class=\"collapse multi-collapse\" id=\"multiCollapseExample2\">",
                        "      <div class=\"card card-body\">",
                        "        Anim pariatur cliche reprehenderit, enim eiusmod high life accusamus terry richardson ad squid. Nihil anim keffiyeh helvetica, craft beer labore wes anderson cred nesciunt sapiente ea proident.",
                        "      </div>",
                        "    </div>",
                        "  </div>",
                        "</div>"
                ],
                "description": "Bootstrap v4 Collapse"
        },
        "Bootstrap v4 Dropdown": {
                "prefix": "b4-dropdown",
                "body": [
                        "<div class=\"dropdown\">",
                        "  <button class=\"btn btn-secondary dropdown-toggle\" type=\"button\" id=\"dropdownMenuButton\" data-toggle=\"dropdown\" aria-haspopup=\"true\" aria-expanded=\"false\">",
                        "    Dropdown button",
                        "  </button>",
                        "  <div class=\"dropdown-menu\" aria-labelledby=\"dropdownMenuButton\">",
                        "    <a class=\"dropdown-item\" href=\"#\">Action</a>",
                        "    <a class=\"dropdown-item\" href=\"#\">Another action</a>",
                        "    <a class=\"dropdown-item\" href=\"#\">Something else here</a>",
                        "  </div>",
                        "</div>"
                ],
                "description": "Bootstrap v4 Dropdown"
        },
        "Bootstrap v4 row type": {
                "prefix": "b4-form-row-type",
                "body": [
                        "<form>",
                        "  <div class=\"form-group\">",
                        "    <label for=\"exampleInputEmail1\">Email address</label>",
                        "    <input type=\"email\" class=\"form-control\" id=\"exampleInputEmail1\" aria-describedby=\"emailHelp\">",
                        "    <small id=\"emailHelp\" class=\"form-text text-muted\">We'll never share your email with anyone else.</small>",
                        "  </div>",
                        "  <div class=\"form-group\">",
                        "    <label for=\"exampleInputPassword1\">Password</label>",
                        "    <input type=\"password\" class=\"form-control\" id=\"exampleInputPassword1\">",
                        "  </div>",
                        "  <div class=\"form-group form-check\">",
                        "    <input type=\"checkbox\" class=\"form-check-input\" id=\"exampleCheck1\">",
                        "    <label class=\"form-check-label\" for=\"exampleCheck1\">Check me out</label>",
                        "  </div>",
                        "  <button type=\"submit\" class=\"btn btn-primary\">Submit</button>",
                        "</form>"
                ],
                "description": "Bootstrap v4 row type"
        },
        "Bootstrap v4 Grid form": {
                "prefix": "b4-form-Grid-type",
                "body": [
                        "<form>",
                        "  <div class=\"form-row\">",
                        "    <div class=\"form-group col-md-6\">",
                        "      <label for=\"inputEmail4\">Email</label>",
                        "      <input type=\"email\" class=\"form-control\" id=\"inputEmail4\">",
                        "    </div>",
                        "    <div class=\"form-group col-md-6\">",
                        "      <label for=\"inputPassword4\">Password</label>",
                        "      <input type=\"password\" class=\"form-control\" id=\"inputPassword4\">",
                        "    </div>",
                        "  </div>",
                        "  <div class=\"form-group\">",
                        "    <label for=\"inputAddress\">Address</label>",
                        "    <input type=\"text\" class=\"form-control\" id=\"inputAddress\" placeholder=\"1234 Main St\">",
                        "  </div>",
                        "  <div class=\"form-group\">",
                        "    <label for=\"inputAddress2\">Address 2</label>",
                        "    <input type=\"text\" class=\"form-control\" id=\"inputAddress2\" placeholder=\"Apartment, studio, or floor\">",
                        "  </div>",
                        "  <div class=\"form-row\">",
                        "    <div class=\"form-group col-md-6\">",
                        "      <label for=\"inputCity\">City</label>",
                        "      <input type=\"text\" class=\"form-control\" id=\"inputCity\">",
                        "    </div>",
                        "    <div class=\"form-group col-md-4\">",
                        "      <label for=\"inputState\">State</label>",
                        "      <select id=\"inputState\" class=\"form-control\">",
                        "        <option selected>Choose...</option>",
                        "        <option>...</option>",
                        "      </select>",
                        "    </div>",
                        "    <div class=\"form-group col-md-2\">",
                        "      <label for=\"inputZip\">Zip</label>",
                        "      <input type=\"text\" class=\"form-control\" id=\"inputZip\">",
                        "    </div>",
                        "  </div>",
                        "  <div class=\"form-group\">",
                        "    <div class=\"form-check\">",
                        "      <input class=\"form-check-input\" type=\"checkbox\" id=\"gridCheck\">",
                        "      <label class=\"form-check-label\" for=\"gridCheck\">",
                        "        Check me out",
                        "      </label>",
                        "    </div>",
                        "  </div>",
                        "  <button type=\"submit\" class=\"btn btn-primary\">Sign in</button>",
                        "</form>"
                ],
                "description": "Bootstrap v4 Grid type"
        },
        "Bootstrap v4 form Horizontal": {
                "prefix": "b4-form-Horizontal",
                "body": [
                        "<form>",
                        "  <div class=\"form-group row\">",
                        "    <label for=\"inputEmail3\" class=\"col-sm-2 col-form-label\">Email</label>",
                        "    <div class=\"col-sm-10\">",
                        "      <input type=\"email\" class=\"form-control\" id=\"inputEmail3\">",
                        "    </div>",
                        "  </div>",
                        "  <div class=\"form-group row\">",
                        "    <label for=\"inputPassword3\" class=\"col-sm-2 col-form-label\">Password</label>",
                        "    <div class=\"col-sm-10\">",
                        "      <input type=\"password\" class=\"form-control\" id=\"inputPassword3\">",
                        "    </div>",
                        "  </div>",
                        "  <fieldset class=\"form-group\">",
                        "    <div class=\"row\">",
                        "      <legend class=\"col-form-label col-sm-2 pt-0\">Radios</legend>",
                        "      <div class=\"col-sm-10\">",
                        "        <div class=\"form-check\">",
                        "          <input class=\"form-check-input\" type=\"radio\" name=\"gridRadios\" id=\"gridRadios1\" value=\"option1\" checked>",
                        "          <label class=\"form-check-label\" for=\"gridRadios1\">",
                        "            First radio",
                        "          </label>",
                        "        </div>",
                        "        <div class=\"form-check\">",
                        "          <input class=\"form-check-input\" type=\"radio\" name=\"gridRadios\" id=\"gridRadios2\" value=\"option2\">",
                        "          <label class=\"form-check-label\" for=\"gridRadios2\">",
                        "            Second radio",
                        "          </label>",
                        "        </div>",
                        "        <div class=\"form-check disabled\">",
                        "          <input class=\"form-check-input\" type=\"radio\" name=\"gridRadios\" id=\"gridRadios3\" value=\"option3\" disabled>",
                        "          <label class=\"form-check-label\" for=\"gridRadios3\">",
                        "            Third disabled radio",
                        "          </label>",
                        "        </div>",
                        "      </div>",
                        "    </div>",
                        "  </fieldset>",
                        "  <div class=\"form-group row\">",
                        "    <div class=\"col-sm-2\">Checkbox</div>",
                        "    <div class=\"col-sm-10\">",
                        "      <div class=\"form-check\">",
                        "        <input class=\"form-check-input\" type=\"checkbox\" id=\"gridCheck1\">",
                        "        <label class=\"form-check-label\" for=\"gridCheck1\">",
                        "          Example checkbox",
                        "        </label>",
                        "      </div>",
                        "    </div>",
                        "  </div>",
                        "  <div class=\"form-group row\">",
                        "    <div class=\"col-sm-10\">",
                        "      <button type=\"submit\" class=\"btn btn-primary\">Sign in</button>",
                        "    </div>",
                        "  </div>",
                        "</form>"
                ],
                "description": "Bootstrap v4 form Horizontal"
        },
        "Bootstrap v4 Modal": {
                "prefix": "b4-modal",
                "body": [
                        "<!-- Button trigger modal -->",
                        "<button type=\"button\" class=\"btn btn-primary\" data-toggle=\"modal\" data-target=\"#exampleModal\">",
                        "  Launch demo modal",
                        "</button>",
                        "",
                        "<!-- Modal  -->",
                        "<div class=\"modal fade\" id=\"exampleModal\" tabindex=\"-1\" role=\"dialog\" aria-labelledby=\"exampleModalLabel\" aria-hidden=\"true\">",
                        "  <div class=\"modal-dialog\" role=\"document\">",
                        "    <div class=\"modal-content\">",
                        "      <div class=\"modal-header\">",
                        "        <h5 class=\"modal-title\" id=\"exampleModalLabel\">Modal title</h5>",
                        "        <button type=\"button\" class=\"close\" data-dismiss=\"modal\" aria-label=\"Close\">",
                        "          <span aria-hidden=\"true\">&times;</span>",
                        "        </button>",
                        "      </div>",
                        "      <div class=\"modal-body\">",
                        "        ...",
                        "      </div>",
                        "      <div class=\"modal-footer\">",
                        "        <button type=\"button\" class=\"btn btn-secondary\" data-dismiss=\"modal\">Close</button>",
                        "        <button type=\"button\" class=\"btn btn-primary\">Save changes</button>",
                        "      </div>",
                        "    </div>",
                        "  </div>",
                        "</div>"
                ],
                "description": "Bootstrap v4 Modal"
        },
        "Bootstrap v4 Modal Scrollable": {
                "prefix": "b4-modal-scrollable",
                "body": [
                        "<!-- Button trigger modal -->",
                        "<button type=\"button\" class=\"btn btn-primary\" data-toggle=\"modal\" data-target=\"#exampleModalScrollable\">",
                        "  Launch demo modal",
                        "</button>",
                        "",
                        "<!-- Modal -->",
                        "<div class=\"modal fade\" id=\"exampleModalScrollable\" tabindex=\"-1\" role=\"dialog\" aria-labelledby=\"exampleModalScrollableTitle\" aria-hidden=\"true\">",
                        "  <div class=\"modal-dialog modal-dialog-scrollable\" role=\"document\">",
                        "    <div class=\"modal-content\">",
                        "      <div class=\"modal-header\">",
                        "        <h5 class=\"modal-title\" id=\"exampleModalScrollableTitle\">Modal title</h5>",
                        "        <button type=\"button\" class=\"close\" data-dismiss=\"modal\" aria-label=\"Close\">",
                        "          <span aria-hidden=\"true\">&times;</span>",
                        "        </button>",
                        "      </div>",
                        "      <div class=\"modal-body\">",
                        "        ...",
                        "      </div>",
                        "      <div class=\"modal-footer\">",
                        "        <button type=\"button\" class=\"btn btn-secondary\" data-dismiss=\"modal\">Close</button>",
                        "        <button type=\"button\" class=\"btn btn-primary\">Save changes</button>",
                        "      </div>",
                        "    </div>",
                        "  </div>",
                        "</div>"
                ],
                "description": "Bootstrap v4 Modal Scrollable"
        },
        "Bootstrap v4 Tabs": {
                "prefix": "b4-tab",
                "body": [
                        "<ul class=\"nav nav-tabs\" id=\"myTab\" role=\"tablist\">",
                        "  <li class=\"nav-item\">",
                        "    <a class=\"nav-link active\" id=\"home-tab\" data-toggle=\"tab\" href=\"#home\" role=\"tab\" aria-controls=\"home\" aria-selected=\"true\">Home</a>",
                        "  </li>",
                        "  <li class=\"nav-item\">",
                        "    <a class=\"nav-link\" id=\"profile-tab\" data-toggle=\"tab\" href=\"#profile\" role=\"tab\" aria-controls=\"profile\" aria-selected=\"false\">Profile</a>",
                        "  </li>",
                        "  <li class=\"nav-item\">",
                        "    <a class=\"nav-link\" id=\"contact-tab\" data-toggle=\"tab\" href=\"#contact\" role=\"tab\" aria-controls=\"contact\" aria-selected=\"false\">Contact</a>",
                        "  </li>",
                        "</ul>",
                        "<div class=\"tab-content\" id=\"myTabContent\">",
                        "  <div class=\"tab-pane fade show active\" id=\"home\" role=\"tabpanel\" aria-labelledby=\"home-tab\">...</div>",
                        "  <div class=\"tab-pane fade\" id=\"profile\" role=\"tabpanel\" aria-labelledby=\"profile-tab\">...</div>",
                        "  <div class=\"tab-pane fade\" id=\"contact\" role=\"tabpanel\" aria-labelledby=\"contact-tab\">...</div>",
                        "</div>"
                ],
                "description": "Bootstrap v4 Tabs"
        },
        "Bootstrap v4 Tabs Pills": {
                "prefix": "b4-tab-pills",
                "body": [
                        "<ul class=\"nav nav-pills mb-3\" id=\"pills-tab\" role=\"tablist\">",
                        "  <li class=\"nav-item\">",
                        "    <a class=\"nav-link active\" id=\"pills-home-tab\" data-toggle=\"pill\" href=\"#pills-home\" role=\"tab\" aria-controls=\"pills-home\" aria-selected=\"true\">Home</a>",
                        "  </li>",
                        "  <li class=\"nav-item\">",
                        "    <a class=\"nav-link\" id=\"pills-profile-tab\" data-toggle=\"pill\" href=\"#pills-profile\" role=\"tab\" aria-controls=\"pills-profile\" aria-selected=\"false\">Profile</a>",
                        "  </li>",
                        "  <li class=\"nav-item\">",
                        "    <a class=\"nav-link\" id=\"pills-contact-tab\" data-toggle=\"pill\" href=\"#pills-contact\" role=\"tab\" aria-controls=\"pills-contact\" aria-selected=\"false\">Contact</a>",
                        "  </li>",
                        "</ul>",
                        "<div class=\"tab-content\" id=\"pills-tabContent\">",
                        "  <div class=\"tab-pane fade show active\" id=\"pills-home\" role=\"tabpanel\" aria-labelledby=\"pills-home-tab\">...</div>",
                        "  <div class=\"tab-pane fade\" id=\"pills-profile\" role=\"tabpanel\" aria-labelledby=\"pills-profile-tab\">...</div>",
                        "  <div class=\"tab-pane fade\" id=\"pills-contact\" role=\"tabpanel\" aria-labelledby=\"pills-contact-tab\">...</div>",
                        "</div>"
                ],
                "description": "Bootstrap v4 Tabs"
        },
        "Bootstrap v4 Navbar": {
                "prefix": "b4-navbar-primary",
                "body": [
                        "<nav class=\"navbar navbar-expand-lg navbar-dark bg-primary\">",
                        "  <a class=\"navbar-brand\" href=\"#\">Navbar</a>",
                        "  <button class=\"navbar-toggler\" type=\"button\" data-toggle=\"collapse\" data-target=\"#navbarSupportedContent\" aria-controls=\"navbarSupportedContent\" aria-expanded=\"false\" aria-label=\"Toggle navigation\">",
                        "    <span class=\"navbar-toggler-icon\"></span>",
                        "  </button>",
                        "",
                        "  <div class=\"collapse navbar-collapse\" id=\"navbarSupportedContent\">",
                        "    <ul class=\"navbar-nav mr-auto\">",
                        "      <li class=\"nav-item active\">",
                        "        <a class=\"nav-link\" href=\"#\">Home <span class=\"sr-only\">(current)</span></a>",
                        "      </li>",
                        "      <li class=\"nav-item\">",
                        "        <a class=\"nav-link\" href=\"#\">Link</a>",
                        "      </li>",
                        "      <li class=\"nav-item dropdown\">",
                        "        <a class=\"nav-link dropdown-toggle\" href=\"#\" id=\"navbarDropdown\" role=\"button\" data-toggle=\"dropdown\" aria-haspopup=\"true\" aria-expanded=\"false\">",
                        "          Dropdown",
                        "        </a>",
                        "        <div class=\"dropdown-menu\" aria-labelledby=\"navbarDropdown\">",
                        "          <a class=\"dropdown-item\" href=\"#\">Action</a>",
                        "          <a class=\"dropdown-item\" href=\"#\">Another action</a>",
                        "          <div class=\"dropdown-divider\"></div>",
                        "          <a class=\"dropdown-item\" href=\"#\">Something else here</a>",
                        "        </div>",
                        "      </li>",
                        "      <li class=\"nav-item\">",
                        "        <a class=\"nav-link disabled\" href=\"#\" tabindex=\"-1\" aria-disabled=\"true\">Disabled</a>",
                        "      </li>",
                        "    </ul>",
                        "    <form class=\"form-inline my-2 my-lg-0\">",
                        "      <input class=\"form-control mr-sm-2\" type=\"search\" placeholder=\"Search\" aria-label=\"Search\">",
                        "      <button class=\"btn btn-outline-success my-2 my-sm-0\" type=\"submit\">Search</button>",
                        "    </form>",
                        "  </div>",
                        "</nav>"
                ],
                "description": "Bootstrap v4 Navbar Primary"
        },
        "Bootstrap v4 Pagination": {
                "prefix": "b4-pagination",
                "body": [
                        "<nav aria-label=\"Page navigation example\">",
                        "  <ul class=\"pagination\">",
                        "    <li class=\"page-item\"><a class=\"page-link\" href=\"#\">Previous</a></li>",
                        "    <li class=\"page-item\"><a class=\"page-link\" href=\"#\">1</a></li>",
                        "    <li class=\"page-item\"><a class=\"page-link\" href=\"#\">2</a></li>",
                        "    <li class=\"page-item\"><a class=\"page-link\" href=\"#\">3</a></li>",
                        "    <li class=\"page-item\"><a class=\"page-link\" href=\"#\">Next</a></li>",
                        "  </ul>",
                        "</nav>"
                ],
                "description": "Bootstrap v4 Pagination"
        },
        "Bootstrap v4 progress-bar": {
                "prefix": "b4-progress-bar",
                "body": [
                        "<div class=\"progress\">",
                        "  <div class=\"progress-bar\" role=\"progressbar\" style=\"width: 25%;\" aria-valuenow=\"25\" aria-valuemin=\"0\" aria-valuemax=\"100\">25%</div>",
                        "</div>"
                ],
                "description": "Bootstrap v4 progress-bar"
        },
        "Bootstrap v4 progress-bar-striped": {
                "prefix": "b4-progress-bar-striped",
                "body": [
                        "<div class=\"progress\">",
                        "  <div class=\"progress-bar progress-bar-striped\" role=\"progressbar\" style=\"width: 10%\" aria-valuenow=\"10\" aria-valuemin=\"0\" aria-valuemax=\"100\"></div>",
                        "</div>"
                ],
                "description": "Bootstrap v4 progress-bar-striped"
        },
        "Bootstrap v4 spinner-border": {
                "prefix": "b4-spinner-border",
                "body": [
                        "<div class=\"d-flex justify-content-center text-primary\">",
                        "  <div class=\"spinner-border\" role=\"status\">",
                        "    <span class=\"sr-only\">Loading...</span>",
                        "  </div>",
                        "</div>"
                ],
                "description": "Bootstrap v4 spinner-border"
        },
        "Bootstrap v4 table": {
                "prefix": "b4-table",
                "body": [
                        "<table class=\"table\">",
                        "  <thead>",
                        "    <tr>",
                        "      <th scope=\"col\">#</th>",
                        "      <th scope=\"col\">First</th>",
                        "      <th scope=\"col\">Last</th>",
                        "      <th scope=\"col\">Handle</th>",
                        "    </tr>",
                        "  </thead>",
                        "  <tbody>",
                        "    <tr>",
                        "      <th scope=\"row\">1</th>",
                        "      <td>Mark</td>",
                        "      <td>Otto</td>",
                        "      <td>@mdo</td>",
                        "    </tr>",
                        "    <tr>",
                        "      <th scope=\"row\">2</th>",
                        "      <td>Jacob</td>",
                        "      <td>Thornton</td>",
                        "      <td>@fat</td>",
                        "    </tr>",
                        "    <tr>",
                        "      <th scope=\"row\">3</th>",
                        "      <td>Larry</td>",
                        "      <td>the Bird</td>",
                        "      <td>@twitter</td>",
                        "    </tr>",
                        "  </tbody>",
                        "</table>"
                ],
                "description": "Bootstrap v4 Normal Table"
        },
        "Bootstrap v4 table-dark": {
                "prefix": "b4-table-dark",
                "body": [
                        "<table class=\"table table-dark\">",
                        "  <thead>",
                        "    <tr>",
                        "      <th scope=\"col\">#</th>",
                        "      <th scope=\"col\">First</th>",
                        "      <th scope=\"col\">Last</th>",
                        "      <th scope=\"col\">Handle</th>",
                        "    </tr>",
                        "  </thead>",
                        "  <tbody>",
                        "    <tr>",
                        "      <th scope=\"row\">1</th>",
                        "      <td>Mark</td>",
                        "      <td>Otto</td>",
                        "      <td>@mdo</td>",
                        "    </tr>",
                        "    <tr>",
                        "      <th scope=\"row\">2</th>",
                        "      <td>Jacob</td>",
                        "      <td>Thornton</td>",
                        "      <td>@fat</td>",
                        "    </tr>",
                        "    <tr>",
                        "      <th scope=\"row\">3</th>",
                        "      <td>Larry</td>",
                        "      <td>the Bird</td>",
                        "      <td>@twitter</td>",
                        "    </tr>",
                        "  </tbody>",
                        "</table>"
                ],
                "description": "Bootstrap v4 table-dark"
        },
        "Bootstrap v4 table-bordered": {
                "prefix": "b4-table-bordered",
                "body": [
                        "<table class=\"table table-bordered\">",
                        "  <thead>",
                        "    <tr>",
                        "      <th scope=\"col\">#</th>",
                        "      <th scope=\"col\">First</th>",
                        "      <th scope=\"col\">Last</th>",
                        "      <th scope=\"col\">Handle</th>",
                        "    </tr>",
                        "  </thead>",
                        "  <tbody>",
                        "    <tr>",
                        "      <th scope=\"row\">1</th>",
                        "      <td>Mark</td>",
                        "      <td>Otto</td>",
                        "      <td>@mdo</td>",
                        "    </tr>",
                        "    <tr>",
                        "      <th scope=\"row\">2</th>",
                        "      <td>Jacob</td>",
                        "      <td>Thornton</td>",
                        "      <td>@fat</td>",
                        "    </tr>",
                        "    <tr>",
                        "      <th scope=\"row\">3</th>",
                        "      <td colspan=\"2\">Larry the Bird</td>",
                        "      <td>@twitter</td>",
                        "    </tr>",
                        "  </tbody>",
                        "</table>"
                ],
                "description": "Bootstrap v4 table-bordered"
        },
        "Bootstrap v4 table-bordered-dark": {
                "prefix": "b4-table-bordered-dark",
                "body": [
                        "<table class=\"table table-bordered table-dark\">",
                        "  <thead>",
                        "    <tr>",
                        "      <th scope=\"col\">#</th>",
                        "      <th scope=\"col\">First</th>",
                        "      <th scope=\"col\">Last</th>",
                        "      <th scope=\"col\">Handle</th>",
                        "    </tr>",
                        "  </thead>",
                        "  <tbody>",
                        "    <tr>",
                        "      <th scope=\"row\">1</th>",
                        "      <td>Mark</td>",
                        "      <td>Otto</td>",
                        "      <td>@mdo</td>",
                        "    </tr>",
                        "    <tr>",
                        "      <th scope=\"row\">2</th>",
                        "      <td>Jacob</td>",
                        "      <td>Thornton</td>",
                        "      <td>@fat</td>",
                        "    </tr>",
                        "    <tr>",
                        "      <th scope=\"row\">3</th>",
                        "      <td colspan=\"2\">Larry the Bird</td>",
                        "      <td>@twitter</td>",
                        "    </tr>",
                        "  </tbody>",
                        "</table>"
                ],
                "description": "Bootstrap v4 table-bordered-dark"
        },
        "Bootstrap v4 table-borderless": {
                "prefix": "b4-table-borderless",
                "body": [
                        "<table class=\"table table-borderless\">",
                        "  <thead>",
                        "    <tr>",
                        "      <th scope=\"col\">#</th>",
                        "      <th scope=\"col\">First</th>",
                        "      <th scope=\"col\">Last</th>",
                        "      <th scope=\"col\">Handle</th>",
                        "    </tr>",
                        "  </thead>",
                        "  <tbody>",
                        "    <tr>",
                        "      <th scope=\"row\">1</th>",
                        "      <td>Mark</td>",
                        "      <td>Otto</td>",
                        "      <td>@mdo</td>",
                        "    </tr>",
                        "    <tr>",
                        "      <th scope=\"row\">2</th>",
                        "      <td>Jacob</td>",
                        "      <td>Thornton</td>",
                        "      <td>@fat</td>",
                        "    </tr>",
                        "    <tr>",
                        "      <th scope=\"row\">3</th>",
                        "      <td colspan=\"2\">Larry the Bird</td>",
                        "      <td>@twitter</td>",
                        "    </tr>",
                        "  </tbody>",
                        "</table>"
                ],
                "description": "Bootstrap v4 table-borderless"
        },
        "Bootstrap v4 table-borderless-dark": {
                "prefix": "b4-table-borderless-dark",
                "body": [
                        "<table class=\"table table-borderless table-dark\">",
                        "  <thead>",
                        "    <tr>",
                        "      <th scope=\"col\">#</th>",
                        "      <th scope=\"col\">First</th>",
                        "      <th scope=\"col\">Last</th>",
                        "      <th scope=\"col\">Handle</th>",
                        "    </tr>",
                        "  </thead>",
                        "  <tbody>",
                        "    <tr>",
                        "      <th scope=\"row\">1</th>",
                        "      <td>Mark</td>",
                        "      <td>Otto</td>",
                        "      <td>@mdo</td>",
                        "    </tr>",
                        "    <tr>",
                        "      <th scope=\"row\">2</th>",
                        "      <td>Jacob</td>",
                        "      <td>Thornton</td>",
                        "      <td>@fat</td>",
                        "    </tr>",
                        "    <tr>",
                        "      <th scope=\"row\">3</th>",
                        "      <td colspan=\"2\">Larry the Bird</td>",
                        "      <td>@twitter</td>",
                        "    </tr>",
                        "  </tbody>",
                        "</table>"
                ],
                "description": "Bootstrap v4 table-borderless-dark"
        }
}